Card,Set,Number,Rarity,Condition,Volatility,3/18 to 3/24,3/25 to 3/31,4/1 to 4/7,4/8 to 4/14,4/15 to 4/21,4/22 to 4/28,4/29 to 5/5,5/6 to 5/12,5/13 to 5/19,5/20 to 5/26,5/27 to 6/2,6/3 to 6/9,6/10 to 6/16,6/17 to 6/23,6/24 to 6/30,7/1 to 7/7,7/8 to 7/14,7/15 to 7/21,7/22 to 7/28,7/29 to 8/4,8/5 to 8/11,8/12 to 8/18,8/19 to 8/25,8/26 to 9/1,9/2 to 9/8,9/9 to 9/15,9/16 to 9/22,9/23 to 9/29,9/30 to 10/6,10/7 to 10/13,10/14 to 10/20,10/21 to 10/27,10/28 to 11/3,11/4 to 11/10,11/11 to 11/17,11/18 to 11/24,11/25 to 12/1,12/2 to 12/8,12/9 to 12/15,12/16 to 12/22,12/23 to 12/29,12/30 to 1/5,1/6 to 1/12,1/13 to 1/19,1/20 to 1/26,1/27 to 2/2,2/3 to 2/9,2/10 to 2/16,2/17 to 2/23,2/24 to 3/2,3/3 to 3/9,3/10 to 3/16
Gengar VMAX,SWSH08: Fusion Strike,271/264,Secret Rare,Near Mint,Med Volatility,228.68,252.39,289.66,312.91,314.11,349.01,409.32,407.15,394.87,375.03,362.64,349.13,344.11,331.49,303.98,307.07,302.33,299.21,300.81,304.22,302.92,303.51,301.75,301.51,307.76,310.27,311.89,313.86,314.91,317.75,324.46,342.97,355.52,382.08,387.30,410.16,445.57,467.97,511.80,510.24,540.13,584.23,657.73,697.20,732.91,744.80,735.06,718.11,719.55,699.55,682.49,679.85
Gengar ex,SV05: Temporal Forces,193/162,Ultra Rare,Near Mint,Med Volatility,19.05,13.13,13.78,12.70,11.52,12.08,9.97,9.70,10.46,12.49,12.93,11.71,11.61,11.47,11.37,10.81,11.23,10.57,10.84,10.25,9.10,10.92,11.27,11.17,11.07,10.95,11.58,11.70,11.64,12.10,12.16,12.38,13.94,12.86,14.61,15.72,16.54,17.70,18.44,19.58,22.71,21.87,22.79,24.81,24.98,24.79,24.57,22.54,24.16,25.13,24.15,22.57
Gengar,SWSH11: Lost Origin Trainer Gallery,TG06/TG30,Ultra Rare,Near Mint,Med Volatility,2.47,2.57,2.98,2.35,2.60,4.30,4.69,5.85,5.03,4.94,4.77,5.22,4.51,4.73,4.19,3.67,3.35,3.72,3.48,3.44,3.08,3.82,3.84,4.44,3.91,4.56,4.38,4.26,4.69,5.02,4.88,5.10,5.86,5.89,6.04,6.17,7.20,7.01,7.00,8.61,10.05,11.39,10.22,13.40,16.17,15.35,15.00,15.59,19.98,18.98,17.25,16.61
Charizard,Base Set,004/102,Holo Rare,Near Mint,Med Volatility,385.66,386.97,370.05,369.79,360.99,323.85,323.85,333.05,341.45,341.45,354.85,354.85,353.93,352.61,349.18,350.89,350.72,352.72,353.35,353.41,353.41,352.42,351.37,349.14,351.35,350.51,352.70,351.08,357.33,380.72,376.45,412.08,412.78,417.46,410.90,414.75,419.02,419.30,422.80,429.17,442.48,442.48,442.48,427.29,406.44,441.24,440.18,378.71,398.63,449.77,453.59,462.27
Charizard GX,SM - Burning Shadows,150/147,Secret Rare,Near Mint,Indeterminate Volatility,397.94,397.94,413.30,413.30,408.31,409.06,409.06,438.99,438.99,438.99,438.99,420.45,414.65,414.65,418.65,427.62,428.69,428.11,428.11,428.11,428.11,414.44,414.44,421.46,421.46,421.46,422.33,422.33,420.51,426.01,426.01,430.94,430.94,428.86,428.86,429.61,429.61,439.93,436.61,439.44,437.77,418.83,420.70,411.27,414.50,414.50,414.50,416.27,423.25,423.90,418.99,418.99
Charizard VMAX,Shining Fates: Shiny Vault,SV107/SV122,Shiny Holo Rare,Near Mint,Low Volatility,84.43,80.23,80.97,81.75,81.90,78.49,77.71,81.98,82.19,83.88,84.67,82.99,82.07,81.75,79.97,79.68,78.90,76.66,76.22,76.74,74.14,74.78,79.67,80.55,82.19,82.92,81.36,83.59,82.89,83.75,82.72,82.45,87.01,89.25,90.18,95.36,98.76,108.89,107.07,104.00,107.28,108.43,110.25,112.29,114.88,115.31,116.20,118.64,119.03,119.82,122.07,120.90
Blaine's Arcanine,Gym Challenge,001/132,Holo Rare,Near Mint,Indeterminate Volatility,53.02,53.47,54.11,54.11,54.11,53.58,53.58,53.54,53.54,53.54,54.52,53.90,53.90,55.47,54.46,53.59,53.54,53.58,54.98,54.65,54.65,54.65,55.26,56.25,56.20,56.24,56.24,56.24,56.35,56.35,56.32,57.14,57.14,58.43,58.43,58.43,58.86,59.71,60.23,60.03,60.46,61.46,61.84,63.28,63.36,64.15,64.40,64.61,64.61,63.89,64.31,64.25
Arcanine,WoTC Promo,06/53,Promo,Near Mint,Low Volatility,8.27,8.07,8.56,8.20,8.15,8.18,8.28,8.59,8.58,8.56,8.63,8.63,8.64,8.30,8.24,8.61,8.38,8.01,7.73,7.51,7.57,7.40,7.34,7.68,7.51,7.61,7.94,8.06,8.52,8.56,8.77,8.77,8.99,9.12,8.98,9.29,9.42,9.22,9.24,9.40,9.57,9.47,9.82,10.00,9.80,10.06,10.17,10.61,10.75,11.92,12.43,12.43
Arcanine ex - 224/198,SV01: Scarlet & Violet Base Set,224/198,Ultra Rare,Near Mint,Low Volatility,4.55,4.77,4.66,5.07,5.45,5.42,5.13,4.82,4.26,4.10,4.42,4.87,4.81,4.88,4.88,4.21,4.09,3.89,4.49,4.23,4.43,4.75,4.54,5.25,4.50,4.38,4.19,4.01,4.56,4.49,3.72,4.02,4.50,4.58,5.01,5.85,5.08,5.38,5.24,5.88,5.45,5.25,5.14,5.51,6.17,6.33,5.67,5.83,6.24,6.06,6.08,6.21
Bulbasaur,Base Set 2,067/130,Common,Near Mint,Low Volatility,1.52,1.57,1.61,1.50,1.65,1.70,1.77,1.78,1.85,1.83,1.77,1.78,1.78,1.77,1.69,1.57,1.52,1.53,1.67,1.61,1.62,1.68,1.70,1.70,1.67,1.70,1.62,1.55,1.56,1.57,1.48,1.47,1.46,1.41,1.30,1.35,1.38,1.45,1.44,1.43,1.51,1.69,1.72,1.82,1.89,1.98,2.03,1.91,1.83,1.86,1.91,1.91
Bulbasaur,SV: Scarlet & Violet 151,166/165,Illustration Rare,Near Mint,Med Volatility,22.57,20.57,20.72,23.69,22.01,19.46,24.24,21.52,19.86,20.29,24.27,23.31,23.18,26.12,24.47,25.54,23.92,24.15,24.96,25.21,25.22,24.80,25.47,25.07,26.04,26.01,26.66,30.42,33.04,35.93,37.03,34.08,35.95,35.92,38.15,34.73,36.86,42.01,40.96,42.52,41.04,43.02,42.08,47.06,45.93,48.81,47.06,49.59,50.96,50.19,49.53,47.04
Bulbasaur,Expedition,094/165,Common,Near Mint,Med Volatility,5.23,4.89,5.09,5.53,5.53,5.53,5.55,5.64,5.71,5.74,5.85,5.94,5.90,5.90,5.83,5.83,5.67,5.72,5.78,6.00,6.00,6.00,6.00,5.82,5.52,5.64,5.64,5.69,5.72,5.95,6.00,5.98,6.03,6.17,6.25,6.31,6.32,6.42,6.57,6.55,6.21,6.47,6.39,6.46,6.61,6.69,6.76,7.12,7.15,7.26,7.53,7.53
Blaziken VMAX,SWSH06: Chilling Reign,201/198,Secret Rare,Near Mint,Low Volatility,187.72,197.06,217.80,225.48,235.56,274.23,341.57,359.59,368.95,405.15,390.43,380.31,363.85,354.43,346.21,338.16,333.40,317.03,305.99,296.01,291.57,290.87,292.72,292.59,292.59,286.47,282.75,278.93,276.07,275.12,273.97,260.39,260.85,257.67,256.97,273.45,287.10,286.49,290.15,297.31,308.25,309.36,319.42,322.80,332.73,349.64,359.78,372.98,384.82,387.86,389.33,389.64
Blaziken VMAX,SWSH12: Silver Tempest Trainer Gallery,TG15/TG30,Ultra Rare,Near Mint,Med Volatility,9.77,8.91,8.71,8.69,8.52,8.94,10.10,20.90,19.06,18.94,17.47,14.42,12.35,13.83,13.41,13.31,12.74,13.11,11.58,10.52,10.42,10.55,9.82,9.19,9.52,9.06,8.53,8.50,8.39,8.93,8.80,8.70,9.21,9.64,9.88,9.96,10.71,11.95,12.43,11.90,12.65,14.11,18.61,26.80,28.52,27.85,26.32,26.16,27.76,27.38,26.54,25.77
Blaziken,POP Series 1,001/017,Rare,Near Mint,Indeterminate Volatility,6.63,7.09,7.09,7.09,7.09,7.09,7.09,7.09,6.50,6.50,6.50,6.50,6.50,6.50,6.50,7.26,7.26,7.26,7.26,7.26,7.26,7.26,7.26,7.26,7.26,7.26,7.26,8.00,8.00,8.00,8.00,8.00,8.00,8.00,8.00,8.00,7.50,7.50,7.50,7.50,7.44,7.26,7.26,7.26,7.26,7.44,7.35,7.35,7.35,7.44,7.44,7.35
Umbreon VMAX,SWSH07: Evolving Skies,215/203,Secret Rare,Near Mint,Low Volatility,655.71,677.63,726.58,741.54,760.89,883.83,948.15,958.67,958.27,908.87,906.99,875.33,873.90,871.19,875.59,848.04,856.34,845.74,838.38,842.11,844.16,841.29,845.40,864.87,862.81,926.51,954.50,975.13,979.94,1015.92,1022.44,1082.15,1278.86,1368.86,1387.50,1376.27,1405.80,1380.35,1399.24,1402.34,1428.23,1504.76,1634.42,1717.99,1226.79,1681.58,1729.45,1744.84,1745.65,1523.12,1467.33,1506.09
Umbreon,Neo Discovery,32/75,Rare,Near Mint,Indeterminate Volatility,35.03,35.03,34.46,34.27,34.31,34.32,34.37,34.33,34.33,34.33,34.33,34.59,34.59,34.59,34.59,34.59,34.33,34.33,34.33,34.33,34.33,34.44,34.44,34.41,35.42,35.46,35.62,35.90,36.65,37.50,37.68,37.90,38.49,39.57,39.57,39.43,39.30,39.48,39.36,39.36,39.84,40.08,40.60,40.60,40.60,41.38,42.46,42.45,42.45,42.85,43.70,43.70
Umbreon EX,XY - Fates Collide,119/124,Ultra Rare,Near Mint,Med Volatility,36.48,38.23,38.46,40.48,40.29,40.01,39.81,39.45,39.38,39.17,40.28,40.28,39.91,39.95,40.50,40.50,41.32,41.32,40.91,41.03,41.19,41.12,40.89,41.14,41.14,41.41,40.72,42.42,43.38,44.24,46.70,48.07,48.15,47.44,47.19,48.09,49.44,49.87,49.87,50.74,49.80,56.67,57.92,59.08,62.30,63.03,64.93,75.50,75.77,77.42,79.42,79.42
Lucario EX,XY - Furious Fists,107/111,Ultra Rare,Near Mint,Indeterminate Volatility,36.69,37.40,37.78,37.68,37.86,37.86,37.82,48.39,51.17,51.17,54.32,56.80,56.80,56.80,56.80,64.00,65.56,65.56,65.56,65.56,65.56,67.09,68.65,68.65,68.65,70.83,70.83,74.31,74.31,74.31,79.14,79.14,83.23,81.46,77.29,77.29,79.99,84.42,84.86,84.86,89.52,92.89,94.95,94.95,94.95,95.16,96.15,98.08,98.89,98.89,98.89,99.03
Lucario,Hidden Fates: Shiny Vault,SV22/SV94,Shiny Holo Rare,Near Mint,Med Volatility,7.40,7.58,7.32,7.11,7.18,6.91,6.71,6.01,5.86,6.00,5.81,5.74,5.69,5.40,4.82,4.85,4.36,3.91,3.77,3.71,4.04,4.29,4.28,4.07,4.20,4.15,4.57,5.06,4.92,4.98,4.62,4.87,5.28,5.47,4.62,4.60,4.91,5.27,5.61,6.26,7.22,7.11,6.36,6.43,7.00,7.63,8.19,8.62,8.55,8.51,9.79,9.85
Gardevoir ex,SV: Paldean Fates,233/091,Special Illustration Rare,Near Mint,Low Volatility,49.12,50.48,50.09,53.75,55.45,48.92,46.96,46.65,46.62,49.48,51.51,53.85,51.27,51.83,49.26,47.31,48.30,46.47,47.98,48.07,48.21,47.88,45.59,45.76,43.90,43.36,42.51,41.04,38.71,39.25,42.88,46.04,46.68,55.78,58.98,53.41,54.46,61.12,63.42,75.03,86.72,89.60,92.18,94.97,93.33,92.05,90.40,89.34,91.34,92.57,90.75,90.69
Gardevoir ex,SV01: Scarlet & Violet Base Set,245/198,Special Illustration Rare,Near Mint,Low Volatility,20.10,21.53,20.36,20.17,20.02,20.38,22.50,23.42,26.05,29.92,34.58,30.42,28.36,27.78,28.70,28.75,29.38,25.04,25.76,25.22,22.73,27.51,26.39,27.12,27.12,27.28,26.31,25.70,25.31,26.37,27.22,27.64,28.45,29.47,30.43,33.59,34.48,34.91,36.40,41.51,44.01,52.87,49.98,51.07,51.70,51.25,54.37,54.77,53.39,53.84,53.46,52.33
Gardevoir GX,Hidden Fates: Shiny Vault,SV75/SV94,Shiny Holo Rare,Near Mint,Med Volatility,27.47,27.71,27.36,26.30,26.55,26.46,26.36,26.73,26.73,27.57,27.44,27.30,27.19,27.13,27.18,27.31,27.26,27.31,26.93,26.74,26.74,26.77,25.57,25.08,23.83,23.24,21.83,21.40,20.88,20.00,20.41,21.00,21.30,21.12,21.83,22.33,23.18,23.64,24.14,24.16,24.85,25.16,25.61,25.83,27.10,27.78,28.25,28.27,28.61,29.21,29.01,29.25
Eevee,Hidden Fates: Shiny Vault,SV41/SV94,Shiny Holo Rare,Near Mint,Low Volatility,17.86,17.86,17.67,17.23,17.16,16.93,16.76,16.73,16.78,17.68,19.12,19.24,19.39,19.26,18.75,18.94,19.51,19.60,19.82,19.80,20.03,19.74,19.68,19.75,19.77,19.60,19.29,19.16,19.95,19.73,20.35,21.10,20.42,20.19,20.52,19.65,21.53,21.86,22.20,23.49,22.72,22.32,22.41,23.42,26.54,30.41,33.17,34.53,32.30,32.22,33.10,33.41
Eevee VMAX,SWSH: Sword & Shield Promo Cards,SWSH087,Promo,Near Mint,Low Volatility,1.09,1.12,0.93,1.08,1.19,1.18,1.02,0.98,1.00,1.01,1.11,1.03,0.92,1.02,1.02,1.04,1.16,1.12,1.21,1.03,1.10,1.12,1.19,1.18,1.09,1.23,1.38,1.41,1.30,1.32,1.39,1.50,1.78,1.69,1.73,1.59,1.85,2.25,2.50,2.27,2.01,2.41,2.25,2.34,2.61,2.33,2.67,2.90,2.43,2.68,2.88,2.50
Dragonite V,SWSH07: Evolving Skies,192/203,Ultra Rare,Near Mint,Med Volatility,106.57,105.19,118.30,142.23,157.13,184.63,183.81,183.91,180.56,189.51,193.48,189.82,186.71,183.88,168.24,157.33,143.58,130.41,129.61,126.99,126.42,126.89,134.01,137.40,134.44,136.58,140.66,141.08,142.92,141.56,147.93,146.40,148.67,146.53,150.64,158.80,165.40,170.43,173.51,176.00,179.88,184.48,190.93,196.67,201.50,210.57,217.18,216.51,222.68,226.47,234.69,237.60
Dragonite,Fossil,04/62,Holo Rare,Near Mint,Med Volatility,61.33,61.10,60.50,61.52,61.17,61.84,61.80,62.47,62.47,62.63,62.99,63.25,65.01,64.37,63.55,64.03,65.06,65.56,65.56,66.56,65.78,64.55,64.63,65.21,65.21,64.96,65.28,66.12,66.32,66.40,66.23,66.35,66.83,67.64,69.81,72.24,75.50,77.11,80.28,86.49,92.65,93.13,94.63,95.70,99.81,99.81,99.81,101.09,107.14,108.32,109.62,111.60
Dark Dragonite,Team Rocket,05/82,Holo Rare,Near Mint,Indeterminate Volatility,73.95,73.95,70.93,71.99,71.99,70.99,70.99,69.63,70.25,70.25,70.25,69.93,69.93,69.93,69.60,71.00,70.92,70.92,70.92,71.35,71.20,71.20,71.52,71.90,71.95,72.57,72.57,72.57,73.03,73.33,72.80,73.43,73.28,73.28,74.40,73.84,74.81,74.81,76.31,82.48,79.94,82.95,83.41,87.21,91.05,93.25,93.52,92.72,96.81,98.03,103.10,106.27
Absol ex,SV03: Obsidian Flames,214/197,Ultra Rare,Near Mint,Med Volatility,1.45,1.92,1.50,1.76,1.56,1.41,1.49,1.57,1.69,1.88,1.83,2.07,1.49,1.21,1.39,1.41,1.50,1.74,1.16,1.27,0.96,0.95,1.10,1.27,1.36,1.14,1.53,1.28,1.54,1.63,1.50,1.25,1.32,1.41,1.33,1.52,1.25,1.45,1.35,1.46,1.48,1.31,1.83,1.78,1.84,1.78,2.01,1.70,2.46,2.61,2.99,2.96
Absol,Crown Zenith: Galarian Gallery,GG16/GG70,Ultra Rare,Near Mint,Med Volatility,1.59,1.73,1.29,1.57,1.50,1.58,1.78,1.66,1.67,1.65,1.53,1.81,1.56,1.68,1.49,1.50,1.55,1.38,1.34,1.11,1.39,1.67,1.53,1.20,1.08,1.57,1.57,1.29,1.44,1.49,1.43,1.73,1.56,1.71,1.82,1.50,1.77,1.76,2.31,2.21,1.81,1.95,2.21,2.12,1.94,2.25,3.26,3.10,3.76,3.22,3.76,3.74
M Absol EX,XY Promos,XY63,Promo,Near Mint,Med Volatility,7.30,7.35,7.34,7.33,7.41,7.46,7.46,7.24,7.30,7.39,7.53,7.93,7.69,7.69,8.03,8.03,8.03,7.77,7.79,7.79,7.79,7.50,7.60,7.53,7.59,7.63,7.65,7.71,7.98,8.10,8.09,8.09,8.34,9.27,9.40,11.08,11.85,12.08,12.46,12.53,13.33,13.71,14.13,13.83,13.91,15.10,17.25,17.00,18.43,20.39,20.39,21.40
Typhlosion,Neo Genesis,017/111,Holo Rare,Near Mint,Indeterminate Volatility,100.68,100.68,100.68,100.90,100.90,100.90,100.90,100.90,101.58,101.58,101.58,102.01,102.01,102.61,102.61,102.61,102.61,102.61,102.61,102.61,102.61,102.61,103.70,103.70,104.38,104.24,105.39,115.33,116.22,118.97,118.97,125.33,135.86,140.67,142.88,146.04,146.04,150.94,150.94,180.31,180.31,175.09,175.09,175.09,173.65,173.65,173.65,163.94,157.95,164.84,164.84,164.15
Hisuian Typhlosion VSTAR,SWSH10: Astral Radiance,193/189,Secret Rare,Near Mint,Med Volatility,8.37,7.80,7.36,7.39,7.39,7.29,7.83,9.19,9.46,9.61,9.19,8.94,9.16,8.93,8.94,8.36,8.46,8.12,8.42,8.40,8.65,8.47,8.22,8.11,8.26,8.46,8.43,7.59,7.22,6.94,7.30,7.24,7.28,7.64,7.67,7.44,7.62,8.17,8.51,9.12,10.45,10.49,9.93,9.15,9.26,9.54,9.41,9.49,10.50,11.50,11.27,11.33
Typhlosion,Neo Genesis,018/111,Holo Rare,Near Mint,Indeterminate Volatility,74.11,75.19,75.19,76.09,76.09,76.09,77.73,78.66,78.66,78.66,79.71,79.71,79.71,79.71,79.71,79.71,80.95,81.26,81.26,80.29,81.85,81.85,83.15,83.15,83.15,83.15,83.77,84.02,84.44,84.79,84.79,84.79,84.32,84.32,84.32,87.79,88.47,88.47,88.47,88.47,88.47,88.47,88.84,90.89,91.06,93.06,93.40,94.17,95.11,95.52,95.52,95.52
Dark Ampharos,Neo Destiny,001/105,Holo Rare,Near Mint,Indeterminate Volatility,86.49,86.49,86.49,86.49,86.49,86.49,86.49,86.49,86.49,86.49,86.49,86.49,86.49,86.49,86.49,86.49,86.49,86.49,86.49,86.49,86.49,86.49,86.49,50.98,50.98,50.98,50.98,50.98,50.98,56.99,56.99,56.99,55.24,55.24,55.24,54.39,54.00,54.00,53.52,53.52,53.52,53.52,53.52,53.25,53.25,53.25,53.42,53.42,54.89,55.10,55.10,55.10
Ampharos,Neo Genesis,001/111,Holo Rare,Near Mint,Indeterminate Volatility,19.66,19.69,19.69,19.45,19.45,19.11,19.11,19.07,19.12,18.95,18.95,18.97,18.97,18.84,18.87,18.87,18.87,18.87,18.19,18.27,18.27,18.01,18.02,17.98,17.98,18.16,18.16,18.04,18.24,19.09,19.09,19.37,19.38,19.47,19.56,19.58,19.72,19.93,19.93,20.16,20.11,20.24,20.24,20.25,20.24,20.85,20.85,20.85,20.85,21.10,20.96,21.00
Ampharos EX,XY - Ancient Origins,87/98,Ultra Rare,Near Mint,Indeterminate Volatility,10.84,10.87,10.87,11.27,11.27,11.49,11.49,11.51,11.51,11.98,11.98,11.98,12.35,12.22,12.36,12.36,12.39,12.39,12.36,12.36,12.36,12.42,12.42,12.14,12.28,12.55,12.69,12.73,12.66,12.40,12.33,12.39,12.35,12.35,12.33,12.17,12.05,12.01,12.01,12.01,11.84,11.98,12.10,12.17,12.19,12.19,12.19,12.27,12.27,12.60,12.68,13.88
Squirtle,SV: Scarlet & Violet 151,170/165,Illustration Rare,Near Mint,Low Volatility,26.09,26.04,27.04,25.71,26.30,24.71,22.60,26.26,25.63,25.06,27.00,27.25,26.55,26.66,26.14,26.45,27.18,27.74,28.32,27.80,28.33,27.81,29.69,29.86,30.57,31.98,31.35,34.75,34.99,36.66,31.59,37.18,46.03,41.88,41.63,40.29,42.84,42.87,44.79,42.32,46.73,45.83,46.18,48.76,47.65,50.79,54.22,55.86,51.76,54.96,52.51,54.38
Squirtle,Expedition,131/165,Common,Near Mint,Med Volatility,9.32,9.27,9.27,9.24,9.24,9.18,9.18,8.97,8.98,8.98,8.98,8.98,8.98,9.01,9.01,9.01,9.01,9.23,9.23,9.26,9.32,9.32,9.24,9.24,9.38,9.38,9.36,9.43,9.44,9.44,9.45,9.47,9.47,9.60,9.61,9.83,9.83,9.83,9.94,9.90,9.90,9.90,9.97,10.31,10.31,10.40,10.67,11.09,11.91,12.24,12.24,12.28
Squirtle,Base Set,063/102,Common,Near Mint,Low Volatility,1.95,2.02,1.67,1.70,1.55,1.56,1.65,1.52,1.39,1.31,2.55,2.84,2.04,1.72,1.86,2.02,2.46,2.15,2.99,3.33,3.05,2.85,2.03,1.71,1.83,1.80,1.73,1.68,1.63,1.74,2.08,2.18,2.85,2.29,2.64,2.18,2.04,1.95,2.18,2.26,2.81,2.64,3.27,3.16,2.93,3.41,2.96,2.90,2.52,2.71,3.04,3.01
Flygon ex,Legend Maker,87/92,Ultra Rare,Near Mint,Indeterminate Volatility,96.64,96.64,96.64,96.64,96.64,96.64,96.64,96.64,96.64,96.64,96.64,96.64,96.64,96.64,96.64,96.64,96.64,96.64,96.64,96.64,96.64,96.64,96.64,96.64,96.64,89.75,89.75,89.75,89.75,89.75,89.75,89.75,89.75,89.75,89.75,89.75,89.75,89.75,89.75,89.75,83.92,83.92,83.92,83.92,83.92,82.66,82.66,82.66,82.66,82.66,82.66,81.85
Flygon ex,Dragon Frontiers,92/101,Ultra Rare,Near Mint,Indeterminate Volatility,52.43,52.43,52.43,52.43,52.43,52.43,52.43,52.43,52.43,69.33,69.33,69.33,66.74,66.74,66.74,66.74,66.74,66.74,66.74,66.74,66.74,66.74,66.74,66.74,66.74,76.72,76.72,74.74,76.23,76.23,76.23,76.23,76.23,76.23,76.33,70.10,70.10,70.10,73.80,74.85,74.85,74.85,74.85,74.85,74.85,74.85,74.87,74.87,74.87,74.87,74.87,76.10
Flygon GX,SM - Cosmic Eclipse,218/236,Ultra Rare,Near Mint,Med Volatility,3.76,3.75,3.74,3.72,3.72,3.70,3.59,3.63,3.56,3.53,3.59,3.64,3.61,3.60,3.64,3.63,3.63,3.63,3.62,3.67,3.67,3.64,3.66,3.73,3.78,3.78,3.90,3.91,3.91,3.83,3.79,3.71,3.67,3.74,3.71,4.14,4.31,4.46,4.57,4.56,4.74,4.79,4.83,4.92,4.74,5.04,5.01,5.29,5.31,6.43,6.75,6.75
Brock's Ninetales,Gym Challenge,003/132,Holo Rare,Near Mint,Indeterminate Volatility,41.78,41.78,41.62,42.13,42.13,42.13,42.13,42.52,42.52,42.52,42.52,42.70,42.02,42.08,42.16,42.16,42.16,42.07,41.54,41.54,41.63,41.71,42.04,41.79,41.98,41.88,41.63,41.54,40.84,40.76,40.52,40.48,40.61,40.61,40.61,41.53,41.53,41.69,41.69,41.64,41.28,41.28,41.28,41.24,41.30,41.30,41.30,40.86,40.86,44.09,44.78,44.78
Ninetales,Expedition,021/165,Holo Rare,Near Mint,Indeterminate Volatility,35.24,35.24,35.24,35.24,35.24,35.24,35.24,35.24,35.24,35.24,35.24,35.24,35.24,35.24,35.24,35.24,35.24,35.24,35.24,35.24,35.24,35.24,35.24,35.24,35.24,35.24,35.24,35.24,35.24,35.24,35.24,35.24,35.24,35.24,35.24,35.24,35.24,34.94,34.94,34.94,34.94,34.94,34.94,34.94,37.46,37.83,37.83,38.26,38.26,38.26,38.26,38.26
Alolan Ninetales GX,Hidden Fates: Shiny Vault,SV53/SV94,Shiny Holo Rare,Near Mint,Med Volatility,16.07,16.04,16.13,15.92,15.88,16.00,16.01,15.96,15.78,15.87,15.72,15.56,15.55,15.66,15.43,15.57,15.41,15.54,15.40,15.48,15.74,15.98,15.96,15.98,15.98,16.08,16.58,16.93,17.23,16.69,16.61,16.67,16.33,15.43,15.96,16.18,17.58,17.22,16.94,16.67,16.90,17.75,18.90,19.45,19.07,19.51,19.70,18.86,18.95,20.12,22.20,22.50
Tyranitar V,SWSH05: Battle Styles,155/163,Ultra Rare,Near Mint,Low Volatility,88.45,88.85,106.67,113.20,116.63,123.27,147.21,160.00,171.42,181.35,190.59,186.71,182.11,179.68,169.01,164.81,157.85,142.66,142.93,144.22,145.40,144.16,140.40,142.01,143.30,141.92,141.67,141.28,143.10,142.33,139.81,137.12,134.36,136.14,133.36,129.55,133.21,135.39,138.71,143.34,155.39,158.79,170.94,185.31,203.39,206.72,211.47,212.32,219.13,225.23,216.13,218.48
M Tyranitar EX,XY - Ancient Origins,92/98,Ultra Rare,Near Mint,Med Volatility,30.06,30.97,30.97,31.85,31.85,31.85,32.69,32.69,32.91,33.49,36.23,36.14,36.14,35.05,35.05,35.05,35.11,35.11,35.11,35.29,35.96,35.96,35.96,35.96,36.73,36.73,38.12,39.15,39.63,39.92,39.57,39.74,39.74,39.75,39.59,38.42,37.97,38.06,38.17,38.43,38.99,39.40,40.04,40.20,41.09,42.40,46.13,46.13,47.29,47.61,50.70,47.77
Tyranitar,SV02: Paldea Evolved,222/193,Illustration Rare,Near Mint,Med Volatility,17.63,17.90,18.38,19.55,20.98,23.24,22.60,28.48,36.63,45.62,44.26,35.66,35.54,34.19,34.14,33.27,33.86,33.18,33.56,31.17,30.88,33.17,32.88,27.59,26.36,28.38,26.98,41.09,42.24,43.57,45.08,43.36,44.48,44.24,42.54,37.05,38.93,38.66,36.14,39.62,39.60,46.22,44.88,46.40,45.90,47.82,46.35,47.85,49.68,51.79,51.87,50.56
Infernape,SV06: Twilight Masquerade,173/167,Illustration Rare,Near Mint,Med Volatility,0.00,0.00,0.00,0.00,0.00,0.00,5.70,8.25,6.30,5.64,5.65,5.82,6.43,6.78,8.59,10.79,10.68,10.47,8.69,8.74,8.74,8.99,7.32,6.90,6.32,6.47,7.31,6.89,6.44,7.01,7.76,7.65,10.12,9.12,6.50,7.07,7.32,9.13,8.35,8.60,8.81,9.09,9.27,9.97,12.81,17.62,18.59,17.88,16.24,17.76,16.12,14.65
Infernape LV.X,Diamond and Pearl,121/130,Ultra Rare,Near Mint,Indeterminate Volatility,47.26,47.26,47.26,47.26,47.26,47.26,47.26,47.26,47.26,47.26,47.26,47.26,51.65,47.79,47.79,47.79,47.79,46.78,46.78,46.78,41.78,41.78,41.78,41.78,41.78,41.78,40.48,40.88,40.88,44.06,44.06,44.06,44.06,44.06,44.06,44.43,44.27,44.27,44.45,44.77,44.77,45.29,46.37,47.30,47.30,47.19,47.91,47.91,47.91,47.91,47.91,47.91
Infernape,Platinum,31/127,Rare,Near Mint,Indeterminate Volatility,1.28,1.28,1.28,1.28,1.28,1.28,1.28,1.28,1.28,1.28,1.17,1.17,1.20,1.20,1.20,1.20,1.17,1.17,1.54,1.54,1.54,1.54,1.54,1.54,1.18,1.18,1.18,1.27,1.27,1.27,1.69,1.69,1.69,1.78,1.78,1.78,1.90,2.12,2.18,2.13,2.13,2.13,2.08,2.08,2.10,2.14,2.13,2.13,2.30,2.40,2.50,2.56
Snorlax,SV: Scarlet & Violet Promo Cards,051,Promo,Near Mint,Low Volatility,35.70,36.76,36.63,36.87,39.50,39.30,38.12,37.16,43.79,43.28,43.82,47.21,47.15,48.50,50.37,51.40,52.44,55.38,57.23,59.37,59.27,56.79,55.92,56.81,55.53,54.24,62.04,68.86,84.26,98.68,96.50,98.20,101.52,100.97,101.46,107.67,114.12,122.92,127.40,130.23,131.02,128.24,134.83,163.08,163.95,169.71,182.59,195.25,198.30,199.13,193.11,191.02
Snorlax,SWSH06: Chilling Reign,224/198,Secret Rare,Near Mint,Low Volatility,66.03,66.22,70.81,72.37,73.16,73.63,73.84,71.56,72.61,71.37,71.41,70.76,70.39,69.83,69.14,68.40,67.45,65.97,66.02,64.46,63.43,62.84,62.12,61.44,61.26,61.29,61.56,61.16,60.67,60.23,60.93,61.37,61.89,61.73,62.10,64.24,66.32,66.88,67.69,69.94,70.67,72.71,74.87,74.64,76.92,77.87,77.25,76.88,79.13,78.66,79.35,79.35
Torterra ex,SV05: Temporal Forces,012/162,Double Rare,Near Mint,Med Volatility,1.01,0.84,0.63,0.89,0.67,0.61,0.54,0.49,0.46,0.43,0.60,0.55,0.44,0.39,0.58,0.66,0.63,0.57,0.55,0.67,0.60,0.58,0.49,0.56,0.58,0.54,0.73,0.59,0.72,0.87,0.76,0.62,0.83,0.79,0.59,0.59,0.88,0.59,0.59,0.76,0.76,0.87,0.98,0.85,0.68,0.94,0.76,0.75,0.84,0.85,0.83,0.71
Torterra LV.X,Diamond and Pearl,122/130,Ultra Rare,Near Mint,Indeterminate Volatility,44.44,44.44,44.44,44.44,44.44,44.44,44.44,44.44,44.44,44.44,44.44,44.44,44.44,44.44,44.44,42.46,42.46,42.46,42.46,42.46,42.46,42.46,42.46,42.46,42.46,34.55,39.77,39.77,40.85,40.85,40.85,40.85,41.70,42.06,42.06,42.56,45.06,45.06,44.49,46.04,46.89,47.42,47.42,47.42,48.19,48.52,48.72,49.00,49.00,49.61,49.67,49.67
Torterra ex,SV05: Temporal Forces,185/162,Ultra Rare,Near Mint,Low Volatility,2.51,2.54,2.36,2.12,2.27,2.18,1.96,1.96,2.26,2.11,1.98,2.20,1.81,1.79,1.65,1.66,1.79,1.89,2.07,1.55,1.73,2.00,2.39,1.98,2.62,2.53,2.63,2.73,2.47,3.07,2.91,2.35,2.95,2.65,2.41,2.99,3.22,3.24,2.57,2.49,3.01,2.80,3.09,3.08,3.91,3.21,3.37,4.03,4.00,4.49,4.08,3.91
Luxray GL Lv.X,Rising Rivals,109/111,Ultra Rare,Near Mint,Indeterminate Volatility,55.64,55.64,55.64,55.64,55.64,55.64,55.64,55.64,55.64,55.64,55.64,55.64,55.64,55.64,55.64,89.99,89.99,89.99,89.99,89.99,89.99,89.99,89.99,90.00,90.00,90.00,90.00,90.00,90.00,90.00,90.00,90.00,90.00,90.00,90.00,90.00,90.00,90.00,90.00,87.66,87.66,86.50,86.50,86.50,86.50,89.30,89.30,89.30,89.30,88.95,97.82,97.82
Luxray,SV: Paldean Fates,137/091,Shiny Rare,Near Mint,Low Volatility,4.60,5.27,5.36,6.63,5.45,6.03,6.10,5.87,6.40,6.83,6.48,6.16,6.08,5.86,5.51,5.29,5.01,5.66,5.16,5.51,6.02,5.94,5.66,5.42,5.41,5.69,5.71,6.09,6.47,6.12,6.10,6.40,6.28,6.65,6.78,7.07,6.60,6.70,7.13,7.59,7.53,7.63,7.92,8.13,7.79,8.70,9.05,9.09,9.62,9.91,10.37,9.77
Luxray ex,SV06: Twilight Masquerade,195/167,Ultra Rare,Near Mint,Low Volatility,0.00,0.00,0.00,0.00,0.00,0.00,0.00,13.34,2.44,1.74,1.94,1.81,3.25,5.17,3.44,3.26,2.48,2.54,2.60,2.41,1.87,2.21,2.26,1.46,1.36,1.53,1.49,1.66,1.65,1.76,1.56,1.66,1.80,1.89,1.69,1.48,1.95,1.78,1.74,2.46,1.95,2.20,2.05,2.40,2.22,2.57,2.46,2.69,2.61,2.96,2.14,2.56
Scizor,Neo Discovery,10/75,Holo Rare,Near Mint,Indeterminate Volatility,33.22,34.32,34.32,34.32,34.32,32.68,32.68,32.45,32.45,32.02,32.02,32.02,32.10,31.89,31.89,31.34,31.31,31.31,31.25,31.25,31.25,31.25,31.25,31.25,31.22,31.22,29.96,30.06,30.06,29.99,29.70,30.90,31.62,31.62,31.52,32.25,32.46,33.04,33.47,33.85,33.85,34.42,34.66,34.66,34.91,34.91,34.86,34.60,34.86,35.99,36.23,36.23
Scizor GX,Hidden Fates: Shiny Vault,SV72/SV94,Shiny Holo Rare,Near Mint,Low Volatility,19.83,20.21,20.55,20.58,21.16,21.23,21.82,24.23,25.24,25.92,27.79,29.14,29.24,29.24,29.07,29.49,29.16,28.45,29.29,28.74,28.65,28.69,29.21,29.23,28.30,28.03,27.99,27.86,27.92,28.15,28.04,28.46,28.63,28.66,28.89,28.92,30.45,30.52,30.61,33.01,35.46,37.47,38.46,38.29,38.67,39.42,38.99,39.30,38.14,39.62,41.24,41.53
Scizor,SV03: Obsidian Flames,205/197,Illustration Rare,Near Mint,Med Volatility,3.06,3.63,2.98,3.25,3.49,3.47,3.23,3.24,3.94,3.83,3.70,3.86,4.43,5.28,4.64,4.10,4.47,4.89,4.94,5.55,5.35,4.37,4.10,4.44,3.83,3.93,5.02,4.81,3.93,4.50,4.43,5.12,4.54,6.34,4.64,5.39,6.95,7.61,7.21,7.78,12.22,11.93,10.94,11.35,12.34,10.57,13.78,16.22,15.85,15.22,13.86,10.75
Blastoise,Base Set,002/102,Holo Rare,Near Mint,Med Volatility,125.89,119.01,114.19,114.19,119.80,122.67,122.67,125.29,123.34,122.23,118.74,118.74,121.34,121.47,123.05,124.31,123.76,131.44,133.64,133.64,134.18,134.18,133.06,137.25,138.44,140.13,139.92,139.92,141.64,146.54,146.54,148.02,151.14,151.14,150.37,157.57,157.64,157.64,157.64,158.69,160.33,160.84,166.03,169.96,173.06,174.08,175.19,168.56,166.12,166.12,169.37,170.07
Blastoise ex,SV: Scarlet & Violet 151,200/165,Special Illustration Rare,Near Mint,Low Volatility,44.57,45.61,45.55,43.45,41.66,40.95,44.32,46.16,45.33,45.29,48.66,50.46,46.03,44.88,43.83,42.45,46.37,47.78,47.87,49.73,50.86,51.65,51.57,52.10,50.53,48.13,53.19,52.29,54.25,78.67,74.00,69.66,67.46,67.26,66.39,69.86,77.10,75.90,73.89,74.56,77.79,73.79,78.59,86.78,85.78,80.94,84.18,86.88,87.97,88.89,85.72,85.13
Mudkip,Crystal Guardians,58/100,Common,Near Mint,Low Volatility,0.49,0.51,0.56,0.56,0.56,0.51,0.52,0.51,0.49,0.49,0.49,0.49,0.50,0.50,0.55,0.54,0.54,0.54,0.54,0.54,0.53,0.54,0.54,0.54,0.54,0.54,0.53,0.53,0.48,0.48,0.51,0.52,0.53,0.53,0.53,0.51,0.53,0.53,0.55,0.55,0.52,0.54,0.51,0.51,0.56,0.56,0.56,0.61,0.65,0.64,0.61,0.70
Mudkip,Nintendo Promos,018,Promo,Near Mint,Indeterminate Volatility,9.32,9.32,9.32,9.32,9.32,9.32,9.33,9.06,9.06,9.14,9.09,9.09,9.09,9.09,9.10,9.10,9.10,9.10,9.10,9.10,9.36,9.36,9.36,9.18,9.18,9.18,9.09,9.09,9.09,9.09,9.25,9.35,9.35,9.42,9.42,9.90,9.99,9.99,9.99,9.99,9.99,10.05,10.14,10.10,10.29,10.58,10.42,10.42,10.37,10.47,10.44,10.44
Mudkip,POP Series 4,011/017,Common,Near Mint,Low Volatility,6.59,6.59,6.59,6.59,6.59,6.47,6.47,6.47,6.47,6.47,6.37,6.37,6.37,6.38,6.35,6.35,6.35,6.29,6.29,6.29,6.29,6.24,6.24,6.15,6.15,6.15,6.15,6.11,6.05,6.05,6.04,6.01,5.97,5.97,5.97,5.96,5.91,5.85,5.85,5.78,5.70,5.71,5.71,5.63,5.65,5.67,5.73,5.79,5.93,5.95,5.98,6.04
Garchomp V,SWSH10: Astral Radiance Trainer Gallery,TG23/TG30,Ultra Rare,Near Mint,Low Volatility,19.37,20.34,19.65,20.38,20.90,22.32,45.41,46.54,44.10,36.94,33.03,28.63,24.89,25.18,25.54,25.45,25.91,24.53,24.69,25.00,26.01,26.92,26.64,25.89,26.88,26.73,27.72,26.42,25.10,25.77,25.45,25.81,26.07,26.27,26.52,26.76,27.65,29.89,30.36,30.23,37.08,48.40,51.60,58.82,63.79,68.71,68.86,75.68,77.30,79.51,78.30,77.85
Garchomp ex,SV04: Paradox Rift,245/182,Special Illustration Rare,Near Mint,Med Volatility,16.32,16.54,17.04,17.78,17.09,17.50,17.15,17.79,21.15,25.64,27.11,26.39,21.18,20.89,20.98,20.39,19.76,19.77,18.58,17.64,17.81,17.91,17.93,17.83,16.59,15.90,16.20,15.71,15.52,15.71,15.86,17.02,16.74,17.37,19.75,19.94,22.92,23.37,22.40,22.46,23.96,24.59,26.37,26.99,48.40,47.58,50.65,43.58,41.78,46.12,41.46,40.63
Poliwhirl,SV: Scarlet & Violet 151,176/165,Illustration Rare,Near Mint,Low Volatility,10.72,10.79,10.62,10.73,9.43,10.24,11.52,10.06,10.23,10.77,12.92,11.51,12.04,11.23,10.43,11.40,11.11,10.15,10.38,11.93,12.53,12.47,11.33,11.74,10.17,12.09,11.62,13.01,12.81,15.89,14.51,13.76,14.92,14.84,15.86,14.89,15.73,14.54,16.49,18.22,19.24,18.11,22.36,19.28,21.97,21.26,22.82,22.49,25.10,24.71,23.77,24.22
Mismagius,SV02: Paldea Evolved,212/193,Illustration Rare,Near Mint,Low Volatility,6.15,6.99,6.45,7.31,8.60,6.94,7.93,6.96,6.83,7.44,7.54,7.29,7.51,7.29,7.12,7.02,7.74,7.63,8.29,8.06,8.03,7.40,7.66,7.52,7.42,8.26,8.76,7.56,7.70,8.92,8.93,8.30,8.30,9.09,8.97,10.09,11.43,10.38,11.08,12.25,12.06,12.87,16.15,20.88,22.39,22.69,22.91,24.59,22.04,21.95,22.62,22.22
Magikarp,SV02: Paldea Evolved,203/193,Illustration Rare,Near Mint,Med Volatility,71.94,91.45,105.23,99.83,103.35,102.08,109.73,100.82,102.26,109.42,124.61,131.54,149.64,141.44,128.48,127.04,126.93,114.46,116.57,116.81,116.38,116.66,118.91,115.17,117.65,110.78,104.06,110.07,119.40,121.80,124.57,136.24,149.88,157.46,163.85,187.41,190.16,199.39,201.26,200.04,209.86,222.43,214.90,225.00,234.63,236.26,243.79,251.99,276.97,265.26,248.87,244.28
Cubone,Aquapolis,072/147,Common,Near Mint,Med Volatility,2.58,2.61,2.64,2.64,2.68,2.70,2.69,2.67,2.69,2.71,2.72,2.72,2.71,2.70,2.71,2.74,2.75,2.74,2.74,2.77,2.78,2.79,2.79,2.81,2.81,2.80,2.82,2.82,2.87,2.95,2.95,2.97,2.97,3.01,2.98,3.03,3.12,3.17,3.24,3.24,3.28,3.37,3.42,3.56,3.42,3.43,3.35,3.34,3.35,3.38,3.33,3.33
Kyogre ex,Crystal Guardians,95/100,Ultra Rare,Near Mint,Indeterminate Volatility,53.81,53.81,55.48,55.48,55.48,55.48,55.48,55.48,55.48,55.48,57.31,57.31,57.31,57.31,57.31,57.31,57.31,57.31,56.59,62.73,64.48,64.48,64.48,66.99,66.99,66.99,67.99,67.99,69.14,69.14,69.14,69.14,69.14,69.14,69.87,70.44,71.50,71.50,71.50,71.72,71.72,72.40,72.40,72.40,74.39,74.22,73.84,74.84,74.79,75.72,76.47,76.47
Venusaur VMAX,SWSH: Sword & Shield Promo Cards,SWSH102,Promo,Near Mint,Low Volatility,12.72,13.29,12.65,12.66,12.55,13.18,13.68,12.03,12.08,11.94,12.22,11.71,12.01,11.76,12.06,11.76,11.90,11.47,11.66,12.14,12.84,12.80,12.31,12.12,11.62,12.07,12.40,11.85,11.45,11.74,11.93,11.88,12.48,12.44,12.29,12.95,13.79,13.99,15.04,14.27,13.76,14.46,14.10,13.23,14.21,14.12,13.20,15.59,17.08,16.57,17.06,16.85
Lapras VMAX,SWSH01: Sword & Shield Base Set,203/202,Secret Rare,Near Mint,Low Volatility,11.56,10.51,10.27,10.24,10.38,10.60,10.80,11.34,11.63,11.98,12.06,12.12,12.18,12.35,11.98,11.98,11.45,10.39,10.23,10.25,10.17,9.91,10.25,10.34,10.07,10.25,10.41,10.48,10.98,10.78,10.91,11.07,10.98,10.51,10.39,9.73,9.36,9.28,9.40,9.39,9.55,9.83,9.69,9.79,10.68,10.89,11.88,11.43,10.58,11.11,11.38,11.35
Vaporeon V,SWSH: Sword & Shield Promo Cards,SWSH181,Promo,Near Mint,Med Volatility,24.04,22.95,23.31,25.32,27.99,27.77,30.53,31.49,40.40,43.41,43.07,38.08,36.78,26.98,25.14,25.26,26.40,27.25,29.83,29.65,27.39,27.38,28.05,28.27,27.73,29.68,30.83,30.53,30.07,29.97,31.37,32.00,33.12,33.60,34.65,36.84,40.13,43.80,40.82,43.13,44.93,45.03,47.63,48.86,48.92,47.05,47.27,49.52,48.82,50.96,52.43,52.59
Pikachu V,SWSH: Sword & Shield Promo Cards,SWSH145,Promo,Near Mint,Low Volatility,25.01,24.84,24.94,25.05,25.19,24.98,25.52,27.51,27.02,27.54,26.55,26.63,26.80,27.09,26.16,26.11,25.99,25.94,25.55,25.74,25.92,25.58,23.79,22.85,21.89,21.86,22.49,22.00,21.41,21.18,20.90,20.41,20.45,20.89,21.37,22.47,21.98,21.23,21.38,22.83,22.60,23.70,24.06,24.24,24.69,25.03,26.05,27.42,27.46,27.58,27.22,27.35
Pikachu ex,SV08: Surging Sparks,238/191,Special Illustration Rare,Near Mint,Med Volatility,0.00,0.00,0.00,0.00,0.00,0.00,0.00,0.00,0.00,0.00,0.00,0.00,0.00,0.00,0.00,0.00,0.00,0.00,0.00,0.00,0.00,0.00,0.00,0.00,0.00,0.00,0.00,0.00,0.00,0.00,0.00,305.30,480.41,492.09,448.65,486.76,487.87,468.78,467.50,472.02,474.93,461.66,476.18,485.95,474.56,468.81,461.43,457.90,456.22,456.14,442.02,442.08
Charizard,Base Set,004/102,Holo Rare,Damaged,Low Volatility,94.61,95.28,94.97,95.41,95.07,95.07,94.95,101.90,101.56,103.84,104.00,104.48,85.68,83.14,81.56,81.91,85.40,89.10,88.54,88.22,90.89,92.54,91.73,93.02,92.81,93.11,93.48,92.93,93.08,95.20,95.56,95.85,97.12,101.53,101.36,106.78,112.21,116.44,119.80,120.68,119.73,117.62,117.74,117.57,124.11,125.22,131.54,136.95,138.45,137.53,138.66,141.42
Pikachu VMAX,SWSH04: Vivid Voltage,188/185,Secret Rare,Lightly Played,Low Volatility,93.15,96.24,96.10,97.10,97.54,97.49,97.49,97.29,97.29,93.37,99.04,101.05,101.12,101.12,101.12,101.87,103.18,103.18,103.18,103.18,103.18,103.18,103.18,103.80,103.88,103.45,103.45,104.12,104.86,103.64,103.62,102.79,102.79,102.96,103.27,102.01,101.51,102.45,102.45,102.45,102.45,101.61,101.34,101.34,101.34,101.34,103.36,110.92,110.92,110.92,110.92,110.92
Golisopod ex,SV04: Paradox Rift,246/182,Special Illustration Rare,Near Mint,Low Volatility,11.44,12.65,11.80,13.46,13.30,12.41,12.48,11.96,11.74,12.59,13.82,13.26,13.04,13.72,12.57,12.84,11.84,13.53,13.90,13.37,13.33,13.31,13.09,12.74,11.07,10.62,9.30,9.64,9.33,9.73,9.79,9.88,10.11,10.67,10.20,11.23,12.27,12.98,12.96,12.59,16.28,18.13,16.88,17.11,17.03,17.15,17.38,17.76,18.35,18.58,18.23,18.27
Aggron ex,Sandstorm,95/100,Ultra Rare,Near Mint,Indeterminate Volatility,59.19,59.19,59.19,59.19,59.19,59.19,59.19,59.19,59.19,56.82,56.82,56.82,56.82,56.82,56.82,56.82,56.82,51.82,51.82,39.24,39.24,39.24,39.24,39.24,39.48,39.48,39.48,39.48,39.48,39.48,39.48,43.25,43.25,43.25,43.25,44.38,43.25,43.25,43.25,43.25,43.25,45.88,47.54,49.18,49.18,56.04,55.75,57.00,57.50,57.95,58.84,57.75
M Aggron EX,XY - Primal Clash,154/160,Ultra Rare,Near Mint,Indeterminate Volatility,19.31,19.31,19.57,19.74,19.74,19.75,19.67,20.05,20.06,20.39,21.07,21.07,21.07,21.07,21.07,21.07,22.13,22.25,22.25,22.34,22.34,22.75,22.72,23.08,23.06,23.14,22.96,22.96,23.10,23.08,23.08,23.48,23.31,23.27,23.22,23.68,23.68,23.68,23.68,24.02,24.42,24.42,24.87,25.22,26.08,27.06,28.22,28.22,29.34,29.34,35.31,41.75
Blastoise,Base Set,002/102,Holo Rare,Heavily Played,Low Volatility,30.06,30.36,30.27,31.83,32.00,31.96,32.39,32.76,31.92,31.88,31.74,31.73,31.08,30.88,30.50,30.11,30.88,30.57,32.41,32.42,32.93,33.18,32.42,31.62,33.48,33.68,34.26,34.46,33.53,31.85,31.91,33.07,33.58,33.95,34.45,36.83,38.41,39.19,39.88,40.14,40.74,42.95,43.80,46.90,47.78,51.77,53.70,54.90,54.57,54.64,53.08,53.02
Raikou,Neo Revelation,13/64,Holo Rare,Near Mint,Indeterminate Volatility,102.81,102.81,102.81,102.81,102.81,105.18,105.18,102.98,102.98,101.98,101.98,101.85,101.85,101.85,103.89,103.89,103.89,102.52,103.90,103.90,103.90,105.27,105.27,105.27,105.27,104.67,104.67,104.67,104.67,104.67,104.67,103.61,104.67,108.05,108.05,109.26,109.26,109.26,109.26,127.72,129.80,129.80,129.80,137.50,146.66,146.66,146.66,146.66,146.66,146.66,146.66,146.66
Lugia,Neo Genesis,009/111,Holo Rare,Near Mint,Indeterminate Volatility,240.16,240.16,240.16,240.06,240.06,240.06,247.24,247.24,247.24,247.24,247.24,247.24,247.24,247.24,244.11,244.11,244.11,244.11,244.11,245.29,250.10,250.10,293.85,293.85,293.85,293.85,293.85,293.85,300.52,300.52,313.73,321.39,333.73,326.39,326.39,326.39,327.37,335.11,341.10,341.10,349.06,349.06,349.06,349.06,349.06,349.06,358.82,358.82,352.94,352.94,352.94,352.94
Altaria ex,SV04: Paradox Rift,253/182,Special Illustration Rare,Near Mint,Med Volatility,19.41,21.09,20.89,22.76,20.94,23.11,23.55,24.44,26.48,38.61,44.86,41.51,37.64,37.28,38.11,35.68,34.26,33.38,32.14,30.86,28.21,28.64,29.37,27.79,23.26,24.86,25.56,24.53,25.61,24.70,23.74,25.33,26.16,27.27,29.60,31.62,33.49,33.21,33.89,32.75,33.80,35.80,38.34,43.74,58.40,66.77,66.76,65.25,69.28,69.84,65.59,65.98
Arceus V,SWSH09: Brilliant Stars,166/172,Ultra Rare,Near Mint,Med Volatility,25.05,27.67,30.39,30.94,31.00,38.97,52.57,57.26,53.47,44.48,44.59,44.12,42.79,39.91,36.82,34.42,30.60,27.09,28.19,29.01,29.95,29.61,28.40,26.97,23.46,24.36,25.03,26.25,26.73,26.60,26.56,28.00,27.84,27.74,27.75,29.02,31.65,33.54,32.81,32.62,34.37,36.48,38.16,38.78,42.36,44.84,46.45,44.46,46.31,48.18,48.60,49.04
Genesect EX,Plasma Blast,97/101,Ultra Rare,Lightly Played,Indeterminate Volatility,34.82,35.46,35.46,35.46,35.46,35.46,35.46,35.46,35.46,35.75,35.25,35.25,35.25,34.64,34.64,33.52,34.87,34.87,34.87,34.87,34.87,34.93,34.93,35.20,35.20,33.77,33.77,33.27,33.27,33.27,34.18,34.18,34.18,35.78,36.55,36.55,36.80,38.69,40.03,41.64,44.04,44.04,42.98,46.29,46.29,46.29,48.37,49.56,50.97,52.50,52.50,53.94
Arceus V,SWSH09: Brilliant Stars,166/172,Ultra Rare,Lightly Played,Med Volatility,23.80,23.78,24.13,24.31,24.45,26.83,27.58,29.04,30.03,32.32,34.03,34.03,33.81,34.63,35.96,35.96,35.87,36.04,33.83,33.62,31.91,31.45,31.07,30.35,29.46,30.04,29.44,28.02,27.57,27.13,26.88,27.05,26.52,26.45,25.67,26.18,26.77,26.22,27.29,27.54,27.62,27.65,28.74,30.03,30.80,32.32,32.46,32.46,33.44,35.84,36.82,36.82
Suicune V,Crown Zenith: Galarian Gallery,GG38/GG70,Ultra Rare,Near Mint,Med Volatility,15.13,16.25,16.20,15.36,17.02,16.09,17.18,25.68,30.32,26.94,26.45,24.12,23.46,22.41,21.59,20.40,21.67,21.06,18.46,19.16,20.58,20.60,20.14,18.65,17.50,19.36,19.58,19.85,19.67,20.79,19.86,20.94,20.36,20.97,22.90,22.56,23.51,25.14,25.32,25.17,31.10,38.57,43.34,44.88,42.94,43.16,36.98,34.79,40.65,42.22,40.58,40.67
Spiritomb,SV: Paldean Fates,158/091,Shiny Rare,Near Mint,Med Volatility,5.63,6.22,6.25,6.80,5.88,5.97,6.06,5.86,5.77,5.35,5.56,5.17,5.72,5.99,5.32,5.76,5.37,5.00,4.70,4.56,4.61,4.39,4.14,4.12,4.09,3.90,3.78,3.73,3.53,3.65,3.94,4.61,4.61,4.72,4.64,5.20,5.05,5.51,5.52,5.53,5.86,5.50,5.57,5.74,5.22,5.76,5.93,6.39,6.26,6.12,5.12,4.56
Venusaur EX,XY Promos,XY123,Promo,Moderately Played,Med Volatility,32.44,32.93,32.94,32.94,32.24,32.24,32.40,32.56,31.52,29.65,29.25,29.35,29.56,29.60,29.72,29.71,29.99,29.76,30.07,30.07,30.45,30.85,30.85,30.85,30.85,30.85,30.72,30.72,30.85,32.24,32.69,32.69,33.28,34.40,34.72,34.45,34.53,34.84,34.34,34.18,34.48,34.52,34.52,35.00,34.45,34.40,35.72,35.80,38.59,38.59,38.59,38.59
Venusaur,Base Set,015/102,Holo Rare,Near Mint,Low Volatility,93.67,93.67,86.92,91.12,90.42,98.01,98.01,91.75,92.33,92.33,95.44,95.44,96.20,95.81,96.07,94.93,94.77,96.42,99.30,96.62,96.35,96.35,96.39,96.42,96.42,98.80,98.80,98.88,99.98,117.41,119.22,121.71,118.71,119.74,119.43,119.26,121.30,121.90,122.15,122.15,122.64,123.34,115.77,118.06,119.70,119.81,125.02,125.02,126.23,123.68,123.98,125.72
Erika's Venusaur,Gym Challenge,004/132,Holo Rare,Near Mint,Indeterminate Volatility,102.06,100.34,99.04,99.06,99.06,99.06,99.06,96.63,96.63,96.63,96.63,96.63,97.40,97.40,97.53,97.53,97.53,99.08,99.08,100.34,100.34,98.86,98.86,98.86,98.95,98.73,99.22,100.06,100.16,99.01,98.76,98.77,98.58,99.85,99.57,99.57,100.85,101.39,101.39,101.39,101.55,101.23,101.23,101.14,101.15,103.36,102.09,102.95,102.95,102.95,102.95,103.27
Mew ex,SV: Paldean Fates,232/091,Special Illustration Rare,Near Mint,Med Volatility,75.58,80.81,83.18,86.82,83.54,79.27,83.07,85.85,81.50,87.97,86.33,85.31,83.61,90.89,89.30,84.85,86.77,75.77,83.21,82.87,90.21,95.03,94.93,92.51,91.14,92.57,94.23,91.62,94.50,120.65,169.11,168.45,175.47,191.29,207.19,296.77,305.08,270.70,270.00,266.42,265.52,283.04,296.36,334.15,421.00,406.82,399.29,379.96,371.56,365.24,352.06,349.78
Mewtwo GX,Shining Legends,78/73,Shiny Holo Rare,Near Mint,Med Volatility,138.17,145.91,149.52,152.36,156.24,160.23,169.07,169.66,169.66,168.62,165.60,160.83,160.29,152.01,149.81,149.08,146.19,146.35,145.21,144.65,143.68,149.39,148.69,151.25,151.25,153.28,154.94,155.22,168.47,168.75,174.70,176.73,178.63,178.36,177.61,177.68,183.02,183.60,187.86,187.88,215.49,220.54,247.31,276.73,279.22,296.36,330.61,361.11,372.21,371.06,360.81,360.81
Mew VMAX,SWSH08: Fusion Strike,269/264,Secret Rare,Near Mint,Low Volatility,67.78,71.75,81.62,81.12,80.73,75.77,86.05,88.23,88.95,103.03,102.60,102.26,101.79,100.26,96.45,95.49,90.48,82.50,77.32,73.49,73.96,74.69,74.23,77.42,78.56,78.50,79.04,78.34,76.50,77.04,76.50,75.62,76.03,76.74,78.22,82.59,89.47,93.36,101.41,107.98,121.70,133.16,162.22,197.92,207.17,196.09,178.64,177.69,176.74,171.97,171.97,172.01
Mewtwo VSTAR,Crown Zenith: Galarian Gallery,GG44/GG70,Ultra Rare,Near Mint,Low Volatility,45.41,45.54,47.32,47.83,44.33,46.76,51.29,69.46,65.20,68.11,68.72,65.71,64.31,59.10,54.72,60.04,55.28,52.49,55.24,55.43,54.51,55.77,57.31,56.24,52.85,52.58,53.57,53.36,57.10,57.58,57.47,58.36,59.22,58.52,61.34,70.18,83.28,85.72,89.73,97.58,113.05,115.16,116.11,116.77,123.21,125.09,123.94,125.13,127.45,124.51,123.89,123.97
Rocket's Mewtwo,Gym Challenge,014/132,Holo Rare,Near Mint,Indeterminate Volatility,89.07,89.07,89.07,89.07,89.07,89.07,89.07,89.07,92.56,92.56,92.56,92.56,92.56,101.95,108.01,108.79,108.79,115.47,115.47,122.49,0.00,128.40,128.40,128.40,128.40,128.40,128.40,128.40,128.40,128.40,151.51,151.51,151.51,151.51,151.51,151.51,151.51,151.51,151.51,151.77,152.03,161.28,157.01,154.65,156.03,156.03,156.03,159.77,160.10,160.12,160.12,161.30
M Charizard EX (Y),XY - Flashfire,107/106,Secret Rare,Heavily Played,Indeterminate Volatility,0.00,31.98,31.98,31.99,31.99,31.99,31.99,31.99,40.99,40.99,40.99,40.99,40.99,40.99,40.99,40.99,40.99,40.99,40.99,40.99,40.99,40.99,40.99,40.99,40.99,40.99,31.26,31.26,31.26,30.53,30.53,30.53,30.53,30.53,30.93,30.93,31.19,31.19,31.19,31.14,31.14,31.14,31.14,31.14,34.28,34.28,34.28,34.28,34.28,34.28,34.28,34.28
